,rendimiento,riesgo,coeficiente_variacion,beta,alfa,sharpie,teynor
SPY,0.20840007121555348,0.3572603506933172,1.7143005211538231,1.0,0.0,0.4713651287884254,0.16840007121555348
MMM,-0.017955233953062106,0.4499296129894674,-25.058409941394046,0.8748413756369917,-0.0007823134333520474,-0.12880955660595475,-0.06624656259640624
ABT,0.2490950737261567,0.433520579435416,1.7403819872889497,0.8783223893573927,0.0002580180673197695,0.48231868023074265,0.2380618737035008
ABBV,0.14148208100379092,0.44652656671521535,3.1560644538671365,0.7591798695045091,-6.535569479048167e-05,0.22726997354339706,0.13367330336356892
ABMD,0.00311699523810721,0.7027265768445876,225.45000013260113,0.707823671144804,-0.0005640371415489236,-0.05248556974678033,-0.05210761700331352
ACN,0.3175575624309925,0.4455293035137876,1.4029875405993655,1.0546410327686977,0.0003819152191216832,0.6229838536813618,0.2631772838406772
ATVI,0.32213688161238635,0.5254561239232742,1.6311579142792265,0.721208687628612,0.0006712380458957334,0.5369370890681318,0.39120005963887305
ADBE,0.3824665304151787,0.5315466687019952,1.3897861026557947,1.1386432525557288,0.0005670827948963086,0.6442830904226364,0.3007671890616304
AMD,0.7655575385464194,0.7870655763942286,1.0280946065643177,1.3302103850212312,0.001907584373345023,0.9218514445396087,0.545445702962873
AAP,-0.0065697389183780545,0.5405942488902047,-82.28549956193196,0.9831519280412202,-0.0008260104325698325,-0.08614545754784088,-0.04736779493598831
AES,0.26699945421148746,0.6227533701053687,2.3324143936717276,1.1655982389664956,9.409647735213341e-05,0.36450939506450136,0.19474931123159703
AFL,0.0018373972265205085,0.5970247557389359,324.92960537963023,1.2314348638680825,-0.0009952879535191535,-0.06392130712611029,-0.030990354336409027
A,0.30098956333003646,0.4379760288566834,1.4551203171667473,0.9380433323641313,0.0004121143205549863,0.5958991956964812,0.278227619477098
APD,0.285673612414899,0.47867301585500405,1.6755940872823833,1.03474277551724,0.0002735669699504942,0.5132389006221244,0.23742481535287202
AKAM,0.2761142757869332,0.43667680426342864,1.5815075226331121,0.6786731863558666,0.0005260888102276719,0.5407071625551593,0.34790570857049474
ALK,-0.0878575932675886,0.8372102254345194,-9.529173225638235,1.4736346908197848,-0.0015428248741411789,-0.1527186235705965,-0.08676342519899642
ALB,0.37062765712067836,0.7149617189933285,1.9290565753988864,1.2550584878333013,0.00042606788623645924,0.4624410626994192,0.26343605523234614
ARE,0.23276763662688224,0.4537708998603667,1.9494587238849892,0.9789267336869723,0.00011234076410823485,0.4248126900297049,0.1969173279197857
ALXN,0.19044937741007334,0.5940140969491189,3.1190130680768506,0.8237499952866324,7.3358670814559e-05,0.2532757693509087,0.18263960943359145
ALGN,0.5199413422381078,0.8408406378925041,1.6171836505115609,1.468148031004309,0.0008358562032102939,0.570787519786199,0.32690255485327097
ALLE,0.1922049914450739,0.5000731817674863,2.601770006115535,1.0833058108309925,-0.00013107819015753107,0.304365434889174,0.14050048464922296
LNT,0.1302620067452408,0.409197395116291,3.14134109661443,0.769271118022894,-0.00011739901966718327,0.22058304334901488,0.1173344541742623
ALL,0.15858069618926818,0.4623483294817831,2.9155397888401513,1.016999221308547,-0.00020844536702185716,0.2564748018494578,0.11659861060335268
GOOGL,0.24106110517646884,0.4495024737564705,1.8646827053556074,1.0129177293000677,0.00011706632130796025,0.4472969937099809,0.1984969749867082
GOOG,0.24526568941931276,0.44982812592195165,1.834044243966442,1.0057956883626271,0.0001392882669384556,0.45632026454239055,0.2040828885968606
MO,-0.011952956711920313,0.4391669396900731,-36.74128086250873,0.7453565404465516,-0.0006534582532107821,-0.11829887912005471,-0.06970215446260752
AMZN,0.3420223914105792,0.443254177091115,1.2959799949442858,0.7684935005373413,0.0007104230123824504,0.6813751725761983,0.3930057849538103
AMCR,0.142086439447627,0.5302447844129234,3.731846518740949,0.9883981545099796,-0.0002495929935217748,0.19252700346813423,0.10328473296091757
AEE,0.11582481946315754,0.4549699842785991,3.9280871439071787,0.8596191482024249,-0.00024734325093937997,0.16665894912471083,0.08820745747895106
AAL,-0.3887278978648961,1.0680209340977356,-2.74747693685965,1.40981491535528,-0.0026661461977565853,-0.40142274760474195,-0.3041022571085898
AEP,0.08877448546982131,0.4090627807220303,4.607886810688306,0.6775228035463635,-0.00020477076187266544,0.11923471840613371,0.07198943742486687
AXP,0.10836201633110161,0.6516594999931207,6.01372623043453,1.4501266097595082,-0.000757204970368551,0.10490450355104666,0.04714210184891297
AIG,-0.008892753382044658,0.7575865904101097,-85.1914539696728,1.5554047170016474,-0.001300934403024203,-0.06453751162039074,-0.0314341038365212
AMT,0.18230223833781167,0.47601208243810883,2.6111148539824494,0.9148566913721926,-3.2632661313199075e-05,0.29894669397664675,0.1555459337837631
AWK,0.2849839151017985,0.4523262610524894,1.5871992666355044,0.7968583021490925,0.0004645257350985267,0.5416088699598403,0.30743723751272645
AMP,0.29525291285487265,0.7381350276674054,2.500009298909864,1.801022663412879,-0.00031281382211405424,0.3458078851257097,0.141726652329392
ABC,0.14899848348331513,0.4961215396502457,3.329708652409214,0.905146339716604,-0.0001548206178676665,0.21970117153179147,0.12042084102935433
AME,0.2903343508670851,0.5004153847397668,1.723583114589347,1.2138507692419669,0.00014596782856251796,0.5002531067210645,0.2062315708078477
AMGN,0.09793951833044809,0.4322146421830176,4.413077065834903,0.797507277970406,-0.0002666447468496355,0.13405265040954836,0.07265077063359178
APH,0.26420555168719057,0.4609451868856987,1.7446461058147653,1.0854865760911547,0.00014839871846197958,0.48640393275825045,0.2065484333252249
ADI,0.30758707727670204,0.5768665389206494,1.875457655854984,1.2746549549185942,0.00016386286678284718,0.46386305882357626,0.2099290292201402
ANSS,0.4523365328230206,0.5103760371011778,1.1283104504425814,1.151722230105219,0.0008293653830021749,0.8079073131352331,0.35801734311002265
ANTM,0.1356099869532023,0.6181635279353654,4.558392356078374,1.2006080859450659,-0.00044764384242077676,0.15466779037018694,0.07963463520899272
AON,0.18775845889442466,0.4481693225921728,2.3869461074143956,0.8320883396768258,5.60593345630562e-05,0.3296933802603945,0.1775754470394483
AOS,0.11314542323774454,0.45563458861202744,4.026982051714407,0.7501365423471535,-0.0001686839281593413,0.16053527336579757,0.0975094787528612
APA,-0.3164796498369977,1.4289479484695078,-4.515133750955187,2.115035211857076,-0.0029580200727008406,-0.24947000359167007,-0.1685454917433719
AIV,0.11931308749063611,0.6623620529213186,5.551461845904388,1.1784085711480687,-0.0004932318072564069,0.11974280099656864,0.06730525340066482
AAPL,0.6507362034043961,0.5243535196014684,0.8057850736723373,1.1900858579701936,0.0015731336947296286,1.1647413063396281,0.5131866741497674
AMAT,0.48998343916229575,0.6903053055256229,1.4088339530532075,1.5102895303781325,0.0006845273182632355,0.6518614815218065,0.2979451490004258
APTV,0.36959232839212786,0.8103731819152294,2.192613643905088,1.5112784214730584,0.0002134445223852075,0.40671672724061775,0.2180884234890821
ADM,0.12312728208246924,0.4486225373580119,3.643567288828236,0.9693196336707053,-0.0003081210883013274,0.18529448514115024,0.08575838061556178
ANET,0.15262374492093617,0.6607920188930743,4.329549240423796,1.0797081833480207,-0.0002827637397687792,0.17043750787062747,0.10430942976805643
AJG,0.2794228918342818,0.43839800711632193,1.568940913317596,0.9433848202222709,0.0003235212035792511,0.5461313417210739,0.2537913338248027
AIZ,0.21282407181049728,0.527318472272139,2.4777200613926498,1.0381247370405533,-1.3754677028835816e-05,0.32774135725953873,0.16647717335315368
T,0.040342249923568274,0.39925269220144816,9.896639204750983,0.816080400392057,-0.0005067537642021637,0.0008572263387408459,0.00041938260421871596
ATO,0.038611572921892545,0.4366696425913034,11.30929432672022,0.795295965558097,-0.0004965943864760049,-0.0031795823265116235,-0.001745799222221793
ADSK,0.4104932491143539,0.5790826026094144,1.4106994545191542,1.203490497512858,0.0006237724364274709,0.6397934378357557,0.30784891935583863
ADP,0.15423613322677082,0.48354422316850776,3.135090416572884,1.13103446140177,-0.0003182481604554813,0.23624754004549708,0.10100146116254495
AZO,0.18433990942608627,0.4690085649514264,2.5442594954701443,0.8726122573877242,9.716612667654782e-06,0.3077553806315564,0.16541127884014162
AVB,-0.011445732021233421,0.5297166358958932,-46.28071275067382,1.0212945352190044,-0.000876107757394256,-0.09711934369254774,-0.05037306109760149
AVY,0.2818464823804592,0.5241756325024607,1.859791288063287,1.0584398669321038,0.0002393263231813583,0.46138444327498157,0.22849336078151808
BKR,0.0016760985830940381,0.7752296772137868,462.5203344440106,1.476890935744587,-0.001195734678139387,-0.049435544772542674,-0.025949039627347056
BLL,0.34422685330509967,0.45389234094915354,1.3185849290695915,0.7976922436525723,0.0006952645817180038,0.6702621433728492,0.38138374257228325
BAC,0.10715754879275542,0.6277521135319749,5.8582164355593696,1.4144920473910612,-0.0007329011508491244,0.10698099989644196,0.047478208814693
BK,-0.040867523817328825,0.5381794491919013,-13.168878339619395,1.1137761249933675,-0.0010663224515005077,-0.15026126311354837,-0.07260662354188135
BAX,0.10872420232498398,0.42140848172700485,3.8759399721083856,0.7649632769508626,-0.00019802421511273073,0.16308215260248274,0.08983987126665488
BDX,0.08291633069230789,0.42471617078906215,5.122225829856493,0.6177163138673325,-0.00017896794183067734,0.10104708425058424,0.06947579289855872
BRK.B,,,,,,,
BBY,0.3282135916890667,0.6137099284644679,1.8698492201562034,1.1791791605918325,0.00032215847908528177,0.46962510841268473,0.2444188307605536
BIO,0.45942936667930523,0.5061439513622653,1.1016795792149878,0.7905904525777235,0.0011510557033584813,0.828676042755087,0.5305267288667022
BIIB,-0.14428677273514331,0.8229389833729294,-5.703495668889471,0.8466602924737525,-0.001252854835867401,-0.2239373470677236,-0.21766318129399748
BLK,0.33049005492732286,0.5195903278409562,1.5721814320712852,1.2231308667565284,0.0002952714655832852,0.5590751778124714,0.23749711729345696
BA,-0.23091587849777243,0.9241466071849169,-4.002092074382109,1.7265406510581518,-0.0023075276294329664,-0.2931524894334905,-0.1569125397260326
BKNG,0.11955417464855846,0.5751950978752884,4.811166984056662,1.1341274651599103,-0.0004562424603839147,0.13830815829693857,0.07014570856666578
BWA,0.04357290719551014,0.5939460597418984,13.631086332543358,1.0877250973641828,-0.0007152698459301975,0.006015541541032795,0.0032847520059692856
BXP,-0.07050588422549604,0.6062508417819761,-8.598585046363352,1.159463993492553,-0.0012192900900047437,-0.18227749408261754,-0.09530773257790329
BSX,0.012440488103681998,0.5049788957393825,40.59156614521615,1.067659811653944,-0.0008205464557772832,-0.05457557163050503,-0.025813008596459887
BMY,0.15383749013028422,0.3659836061230599,2.3790274127139632,0.6419380792388767,7.834979961299508e-05,0.31104532614503777,0.17733406665212523
AVGO,0.33798019273496316,0.5938241594225714,1.7569791727062407,1.30783600027974,0.00025557452007187744,0.5017987025396813,0.22784217032657506
BR,0.2446994553740573,0.41003289169166107,1.6756591920683621,0.8260465886471308,0.00028340346668996174,0.4992269145275994,0.2478061869480106
BF.B,,,,,,,
CHRW,0.07865524279346113,0.4235203555828263,5.384515266133473,0.5774840000584024,-0.00016286118728340947,0.0912712748842162,0.06693733989089191
COG,-0.16922674968541596,0.5999140211063512,-3.545030689424463,0.741497912642183,-0.0012646678417430903,-0.3487612263163371,-0.2821676853274978
CDNS,0.5813384966039324,0.5278704672501143,0.908025995756056,1.155527456081877,0.0013301816111911796,1.0255138906027048,0.46847739857215037
CPB,0.21895923164750059,0.400149490709756,1.8275068271793675,0.3883761755950764,0.0005391469101369627,0.44723093694328026,0.46078838737545186
COF,0.11876208571767924,0.7692150140939338,6.476940931489774,1.628705708115264,-0.0008619542962606268,0.1023928086095068,0.048358696924334234
CAH,0.11405039844669736,0.5363184310777984,4.70246871893615,0.9642462210807338,-0.00033944758865568745,0.13807170172743066,0.0767961510533079
KMX,0.17321886816448248,0.6394764926068943,3.691725384094244,1.1496845290797226,-0.000259279178012312,0.20832488716106123,0.11587428098307885
CCL,-0.4375709946387392,1.2678146866678084,-2.8973919711349296,2.0291757474491643,-0.0033611381442032015,-0.3766883280820298,-0.2353522090134795
CARR,1.4541058500918362,0.5555040257266297,0.38202447620408514,,,2.545626646435385,
CTLT,0.5997414496924214,0.5941153269677069,0.9906190863953127,1.132357743421608,0.0014209297473510732,0.9421427529050199,0.4943150280414642
CAT,0.20838771761263106,0.5231794723681111,2.5106060873541596,1.0632652136548648,-5.155011185181105e-05,0.32185459580522835,0.15836850058680618
CBOE,-0.007071486580473688,0.4766644463025444,-67.40654046049461,0.7340387033410304,-0.0006251765805926446,-0.09875183044509445,-0.06412670934955392
CBRE,0.20237612449842146,0.6641771477559507,3.2818947857711906,1.3507853851736262,-0.0003090923670651995,0.24447713241420635,0.1202086773226008
CDW,0.2642944956267244,0.5596297878697432,2.1174477604714657,1.2421944007792707,2.1176148596728592e-05,0.40079084510585444,0.1805631191752409
CE,0.18235153157420794,0.5945188169781181,3.2602896824926244,1.2965104723231762,-0.0003431302468345825,0.2394399092324227,0.10979589799929092
CNC,0.041386992395208426,0.6372108581076243,15.396404068767204,1.1114476634007795,-0.0007431202336323221,0.0021766615831492367,0.0012479151658518412
CNP,-0.1150787619796,0.6248723204019488,-5.42995344799347,1.2274821203651685,-0.0014487739190606245,-0.24817671853322876,-0.12633891720839485
CERN,0.21518962156137847,0.3741738307077893,1.7388098366122355,0.6871491535654545,0.0002812019102446504,0.4682038325074439,0.25495137504333804
CF,-0.03574013230617231,0.6584220521362211,-18.422485023160135,1.2305113884570176,-0.0011413234112975174,-0.11503280010205737,-0.061551752398769415
SCHW,0.12487824708053873,0.6038969498499258,4.835885864576957,1.1427470674696363,-0.00044246219984960265,0.14055087892335238,0.07427562012343035
CHTR,0.3894678916479622,0.4107568756837317,1.0546617179292728,0.7492018757942276,0.0009114615913188235,0.8507901202292719,0.46645357271361865
CVX,-0.0951806794333152,0.6446190110251203,-6.7725825751932005,1.3414690752675267,-0.0014638395712989478,-0.20970631818372992,-0.1007706267148621
CMG,0.5100937760640069,0.5590815374804873,1.0960367754229046,0.8584993461263954,0.0012936814499717184,0.8408322302726976,0.5475761608731566
CB,0.10561420222738648,0.5142739170243213,4.869363269128275,1.0321002153323613,-0.00042763889120885036,0.12758609771042193,0.06357347983524751
CHD,0.151998634218479,0.3834328798928143,2.522607402785459,0.5002241102343681,0.00018653083602304627,0.2920944970858716,0.22389691325754912
CI,0.05024823704539058,0.6135913068442469,12.211200689289326,1.2198246557068684,-0.0007967316721656599,0.01670205710393478,0.008401401789548102
CINF,0.0851242189573827,0.6169589237838862,7.247748423897617,1.2021732661626665,-0.0006461280286107487,0.07313974596660379,0.03753553687100286
CTAS,0.3606354488438985,0.5647607484845489,1.566015626847061,1.2346260834384735,0.0004036690825419552,0.5677367800511558,0.2597024744130777
CSCO,0.04040034057708011,0.4835569278434048,11.969129985942146,1.031895332238973,-0.0006822137505801527,0.000827907851233926,0.00038796626418637433
C,0.07440623563665624,0.7202730470281457,9.680278015211174,1.6183553227141736,-0.0010267934721447179,0.04776832310832224,0.02126000091188436
CFG,0.1015749686502878,0.8113447896139244,7.987644991624869,1.6304158845793106,-0.0009304836633086339,0.07589248053172071,0.03776641851485379
CTXS,0.12455676264475557,0.4390828249715245,3.5251624692897554,0.5620218666134653,2.902877194457446e-05,0.19257588280807672,0.15045101920013035
CLX,0.15604739455794298,0.3731357331493128,2.3911692611488067,0.28852409793456174,0.00037468340625381716,0.3110058465279867,0.4022104059545935
CME,0.01785520492141028,0.518316564616233,29.028877960102076,0.969951790676309,-0.0007198547551999459,-0.042724459510542476,-0.022830820347420597
CMS,0.13141844895269997,0.41392137131117684,3.149644320183349,0.7336861597309872,-8.391327728556118e-05,0.2208594561404601,0.12460157213026804
KO,0.09256432628595464,0.3896516307567669,4.209522678888564,0.7976455576232214,-0.0002877541590917761,0.13490082457467498,0.06589935314450043
CTSH,0.12651918567856918,0.5368723552186254,4.24340666073039,1.1613340045171974,-0.00045118321706194846,0.1611541083044531,0.07449982980093474
CL,0.19937990258035562,0.35419858351591493,1.776500935811036,0.6690532972050272,0.00023417635857744942,0.44997329181355783,0.23821704974202473
CMCSA,0.19970309670884415,0.4261165490716837,2.133750332840044,0.9138653891951248,3.6146423902931775e-05,0.37478736053965833,0.17475560251767558
CMA,-0.08051050433792835,0.8130259258559054,-10.098383217714987,1.4967422508618422,-0.0015329363125346266,-0.14822467587495694,-0.08051520177808634
CAG,0.2734782605829667,0.4920091643245693,1.7990796170626717,0.4730847454788328,0.0006831537731804133,0.47454047101640046,0.4935231220500497
CXO,-0.3413874294481767,0.8337759838763473,-2.4423160080149238,1.3801131684551906,-0.002457043406405319,-0.45742194165278105,-0.2763450405122046
COP,-0.20960326535669896,0.7823314218328501,-3.732439093930588,1.4926564099127861,-0.0020338787792299846,-0.3190505435304224,-0.167220844461642
ED,0.004051108258067966,0.4313250969015026,106.47088880987052,0.6402952723494159,-0.0005054159066348928,-0.08334523541564594,-0.056144240468972796
STZ,0.14010406080746465,0.5386296920144688,3.8444973608200437,0.943961755154243,-0.0002211626413728059,0.1858495034558467,0.1060467336318172
COO,0.1888873494062248,0.4459662324205374,2.3610169438157222,0.8987316104557663,6.2172569670850735e-06,0.33385341441238753,0.16566386190725038
CPRT,0.46128389566014333,0.48492751331467626,1.0512561090403916,0.9955054477259221,0.0009914862869476182,0.8687564307920931,0.4231859269303861
GLW,0.1207499211301283,0.580111310300822,4.804237591804758,1.322228872902589,-0.0006046979302579387,0.13919728799677203,0.061071061739004465
CTVA,0.1941526922590977,0.5971958613941859,3.0759082165969924,,,0.2581275293824373,
COST,0.3324606571604378,0.32864518845512697,0.9885235482059773,0.6083322613760466,0.0008034537912771529,0.8898978820752468,0.4807580918014973
CCI,0.2147293404919657,0.4641468893243498,2.1615438684855284,0.8744070832109566,0.00012696422687272604,0.3764526801985381,0.19982608083449283
CSX,0.1885160187304767,0.5131010243669348,2.7217900517012334,1.1776788292976947,-0.00022231380142270524,0.2894479092372035,0.12610910125559766
CMI,0.27505612993459233,0.4877811201698778,1.7733875637887835,0.9775595189476657,0.00027864318972053385,0.48188853609735893,0.24045198822024483
CVS,0.043247355633069307,0.4720407394734315,10.914904103696994,0.8397064950402092,-0.0005146388192713791,0.006879396970464412,0.0038672508218646168
DHI,0.3130056509680378,0.6533730386756094,2.0874161110347744,1.132316085509251,0.0003009019457398161,0.4178403986816195,0.24110374696766362
DHR,0.4097132795182669,0.3896520093661309,0.951035831262966,0.7941883701033015,0.0009539233071491194,0.948829392974774,0.46552341161855304
DRI,0.07690933466927975,0.8508657702605655,11.063231451934934,1.5531663980735764,-0.0009639478644486642,0.04337856329321697,0.02376392813742246
DVA,0.38862980665790203,0.5182433154828419,1.3335140707285849,0.8388366540074758,0.0008352194852520621,0.6727145266371402,0.4156110787390498
DE,0.29935326558430675,0.5239700173484118,1.7503400750470393,1.1180031770413612,0.0002592239213659042,0.49497730213034474,0.23197900588319334
DAL,-0.09065717534084626,0.843254140629884,-9.301570862532154,1.3654379877335956,-0.00146568183290996,-0.15494400684857534,-0.09568883868370753
XRAY,0.1627596003241249,0.5447669852277055,3.3470651448076696,0.9285130178876048,-0.00012008819815711113,0.22534331861688164,0.13221096307664776
DVN,-0.19278669692527406,1.0808028686820395,-5.606210832591675,1.815159665362482,-0.0022307269549000598,-0.21538312274202281,-0.1282458515178538
DXCM,0.5164145724499556,0.7139017013379378,1.3824197445689244,0.8904283696225375,0.0012923798312823042,0.6673391750672358,0.5350397501956424
FANG,-0.35581776959148564,1.156663551165818,-3.250718907304105,1.66884203464606,-0.0027484553455438816,-0.3422064862271618,-0.2371810880683105
DLR,0.15852160320261954,0.4757324089302722,3.001057264871333,0.7929155027896898,-2.6257984557297577e-05,0.2491350199771468,0.14947570426562312
DFS,0.2198492310715633,0.8854444131926636,4.027507437151063,1.8664822167465291,-0.0006606476399256939,0.20311747230193425,0.09635732366368806
DISCA,0.07328316145421136,0.5957417946141313,8.12931351203184,0.9491361858187104,-0.00048639409087369764,0.055868434538438316,0.03506679225963955
DISCK,0.0337501082339055,0.5840578916210456,17.3053635138953,0.9437838734897599,-0.0006364629617712945,-0.0107008086968023,-0.006622164185731144
DISH,0.0497378239595032,0.7172580661205571,14.42077696653059,1.4576784287771845,-0.0009923533765899934,0.013576457929810803,0.006680365001814599
DG,0.3240102516536176,0.3712718616847726,1.1458645514762291,0.5211111866941779,0.0008414478251380063,0.7649657325627218,0.5450089326527803
DLTR,0.044727957730540856,0.553627198909958,12.3776543128848,0.754931920187819,-0.00043984339140427784,0.008539966497039482,0.006262760394824198
D,0.06197821389518363,0.4722485569642325,7.619589647466935,0.8639987516413681,-0.00046124682608213576,0.046539504612712314,0.02543778431789498
DPZ,0.22946578914512447,0.5087089490478008,2.2169271983549166,0.42494388944994677,0.0005504197356294581,0.3724443800325622,0.4458607214951875
DOV,0.280598383067377,0.5166161660469988,1.841123104130466,1.1971989375652772,0.00012149234070151622,0.465719810722084,0.2009677552476598
DOW,0.10613782052269881,0.6955484708374281,6.553257523209429,,,0.0950872919655334,
DTE,0.0786545217659049,0.49867931935604504,6.340122705726146,1.0501179868786168,-0.0005476177401731739,0.07751378544396083,0.03680969400476804
DUK,0.07097957485819759,0.4324703945374103,6.092885106756361,0.8632010879889931,-0.0004254359115314527,0.07163397830118458,0.03588917494343174
DRE,0.23382124271603635,0.4953274285627984,2.1184021725705544,1.0730926071202644,3.97994803565992e-05,0.3912992326679995,0.18061930669355014
DD,-0.02560721264475365,0.611070921877914,-23.863234564231607,1.1852744631246397,-0.0010649159967574436,-0.10736431778349508,-0.0553519161054047
DXC,-0.3850987799696858,1.0837518901089256,-2.814217926616741,1.9818503238080842,-0.003117642689804134,-0.39224732510220583,-0.21449590560041248
EMN,0.1778895838268011,0.5862290291689375,3.2954657409267343,1.223407351722648,-0.000301049200772774,0.23521452702927226,0.11270946151553066
ETN,0.5724130555112752,0.7581739532938281,1.3245224685111918,1.2698680550625105,0.0012022361812573888,0.7022307389989432,0.4192664374765035
EBAY,0.29958874498982657,0.44436880078887586,1.4832626666397823,0.6690732443217603,0.0006256009110341805,0.5841741016223141,0.3879825522734387
ECL,0.20170012934096868,0.5093911074855244,2.525487262451936,1.1003002528050358,-0.00010782235039879812,0.3174380686368063,0.14696000380690688
EIX,0.06888985026496346,0.5276739750314344,7.659676614216754,0.951694203953249,-0.0005056378500559499,0.05474943171726906,0.03035623222770267
EW,0.29447592753986257,0.5126001796537385,1.7407201462481137,0.9780246761474289,0.00035412310695378743,0.49644135456948363,0.2601937698977878
EA,0.23804996484858754,0.5120291215435647,2.1509313049856678,0.6636456578807607,0.00038963344720446835,0.3867943375008543,0.29842727439975475
EMR,0.16312306342493318,0.5879682760698518,3.604446015939531,1.2533651844505174,-0.00038311847763144676,0.20940426284207536,0.09823399034249627
ETR,0.11229393552750618,0.4926912225670996,4.387514074136407,0.9900154741978165,-0.00036728656171804256,0.14673274500574338,0.0730230359137407
EOG,-0.30472527673347416,0.8444731173195515,-2.771260482136387,1.4150900922311096,-0.0023423052841049273,-0.40821344062161413,-0.24360659340774632
EFX,0.36641859685438577,0.4602779078566971,1.2561532406053366,0.9163269341608875,0.0006853749942129966,0.7091771976942525,0.3562250379045102
EQIX,0.35930003112967773,0.45772990136790465,1.273948961063969,0.847503085256486,0.0007135950304954086,0.6975730232511889,0.3767538274306644
EQR,-0.027258555174678956,0.5287627436534594,-19.39804733835043,0.977550556247379,-0.0009022662527868636,-0.12719987552443537,-0.06880314756596437
ESS,0.008135497215418295,0.5318782396704561,65.37747178653653,1.0109665748026972,-0.0007912109725390945,-0.059909393556548736,-0.031518848969661006
EL,0.34630787405535696,0.4876497790522745,1.408139449276063,0.9887569976137681,0.0005478548646006675,0.6281308578682279,0.30979085335890394
ETSY,0.6145118819212874,0.8654329975978523,1.4083258974457151,1.1211011438408442,0.00148779032697272,0.6638432825139982,0.5124532118065943
EVRG,0.01375235956056041,0.5169524989946545,37.59009475560779,0.9930834118464829,-0.0007547120866844983,-0.050773795446360744,-0.026430448969675387
ES,0.1701565705680266,0.46948566567679906,2.759139209902589,0.8252160703812425,-7.10358307673257e-06,0.27723225666623086,0.15772423155537366
RE,0.06523121035734528,0.5261805845563502,8.066393091188447,1.0286892782618833,-0.0005826082362933889,0.047951617938580916,0.024527533134181188
EXC,-0.007050897073063307,0.5128635971776018,-72.73735410731005,1.1238898934285944,-0.0009424594957110285,-0.09174154167305786,-0.04186432972497644
EXPE,0.07754726349858294,0.8015405184889807,10.336154782607224,1.3133890887045119,-0.0007662621723483135,0.04684387455466998,0.028588073268994835
EXPD,0.17512213916674757,0.3801203416496269,2.1706012926651406,0.7698748052093809,5.7344433336142114e-05,0.35547200284086716,0.17551183420010574
EXR,0.15195923819927862,0.4500066862948814,2.9613644529116736,0.6556956585904352,5.9813344739463245e-05,0.2487946104114411,0.1707487867770241
XOM,-0.2145231735128463,0.5583629551314857,-2.602809505323905,1.1200484588857527,-0.001749770906677766,-0.455838216295904,-0.2272430014019672
FFIV,0.036137350033972,0.4853718990399765,13.431308565339963,0.8288520443556873,-0.0005335760743629314,-0.007958124427203119,-0.0046602406211480795
FB,0.3400783324258258,0.534402788951396,1.5714108721347433,1.0496161086382598,0.00047397758061179843,0.5615208951559532,0.28589341375023136
FAST,0.33545382205619373,0.48297053683678054,1.43975267259252,0.9816611439955474,0.0005112326942889838,0.6117429522539221,0.3009733285903938
FRT,-0.1498620925713149,0.6847025448368133,-4.568884186045806,1.1642315404231454,-0.001533156361355047,-0.2772913493648036,-0.1630793239825032
FDX,0.22870969055358423,0.6167456782191462,2.6966311603427635,1.1661692503250782,-5.593775102949482e-05,0.30597651060723063,0.16182015646612188
FIS,0.16990979151627936,0.49058203405302014,2.8873087870631435,1.128873151431074,-0.00025526349076282343,0.26480747866571736,0.1150791755048763
FITB,0.09016444359125657,0.7787107324723002,8.63656117041478,1.6382473328572864,-0.0009814313173628617,0.06441986927801972,0.030620799793254765
FE,-0.08343764793712395,0.56706863238541,-6.796316128334964,0.9584123473250569,-0.001106136130365357,-0.21767673415098923,-0.12879388321909693
FRC,0.2728749215166543,0.5305710344829585,1.9443744831295398,1.0651841110532132,0.00019879092545112753,0.43891374836093516,0.21862410366447968
FISV,0.21742989379834546,0.5221594063133214,2.4015069740023702,1.1737914349489187,-0.00010620439389537469,0.33980024424165745,0.15115964260385567
FLT,0.1822215875033788,0.5856412836441915,3.213896287855205,1.1733480455100933,-0.00024337589352170052,0.24284761248113448,0.1212100604314301
FLIR,0.1146846996400342,0.6439863817460112,5.6152772232679595,0.870304568900802,-0.0002604954472582592,0.11597248289248746,0.08581444049450555
FLS,-0.03675812498228176,0.7064725237340275,-19.219492944065102,1.3558577169708597,-0.0012473397256139325,-0.108649837613755,-0.056612227095456706
FMC,0.2830342342807423,0.5731163542484229,2.024901177431234,1.218273696478702,0.00011385120771306755,0.42405740558468996,0.19949066862660533
F,0.0642882071109064,0.6197386641431143,9.640005406807752,1.1318008381940332,-0.0006702311256662248,0.03919104699476616,0.02145978894101374
FTNT,0.37268310576338615,0.6261675117761961,1.680160710514593,1.0633704573411635,0.0005901430731444229,0.5313004898955749,0.312857201802674
FTV,0.10247050878892804,0.5118791658806167,4.99538034826197,1.0656214200127396,-0.00046720730871307065,0.12204151478104455,0.0586235483030936
FBHS,0.3883559942811779,0.6262220218040127,1.6124948012276972,1.290356772946402,0.00046658418322529727,0.5562819290155883,0.26996874165719414
FOXA,-0.13870234538257006,0.5422343181029929,-3.9093377736865036,,,-0.3295666456666932,
FOX,-0.16411836092579513,0.5323335213441126,-3.243595161085012,,,-0.38344074295830105,
BEN,-0.06848418637156882,0.6008736761349761,-8.773903991132595,1.1384979921100693,-0.0011943251914299684,-0.1805440821927431,-0.09528711260219827
FCX,0.4717037344180347,0.8289071122666877,1.7572621367718304,1.6504074312918782,0.0004990574539145644,0.520810749515129,0.2615740369516592
GPS,-0.11551720655885399,1.0166114208843944,-8.80051943055296,1.5901843987441018,-0.0017457490175897942,-0.15297605689257635,-0.09779822181734307
GRMN,0.34041301466528373,0.44651398895357736,1.311683072377885,0.9166770950465398,0.0005835056358434296,0.6727964231743627,0.3277195604522351
IT,0.11426236824997156,0.5627133492732341,4.924747822854391,1.0444992136593074,-0.00040395055570788225,0.13197193268274915,0.07109853916481196
GD,-0.016091461601649773,0.44728081026173433,-27.79615807030711,0.9547203406233381,-0.0008400595647597303,-0.1254054730602613,-0.058751719445955856
GE,0.11672672011080573,0.7473477231477847,6.402541958159592,1.3219504975540999,-0.0006201869442300978,0.1026653560776733,0.05804053953061562
GIS,0.23007846930786088,0.35972577537716527,1.5634916924617894,0.42862935110672357,0.0005498128203599338,0.528398247550005,0.44345649409466975
GM,0.11115789815049476,0.6583828868745852,5.922951925406254,1.2895141611482477,-0.0006155349408838477,0.10807981126041867,0.0551819439401365
GPC,0.053012389277550684,0.5486266432045804,10.34902691014738,1.1255082626336126,-0.0007091547375351098,0.023718114019297493,0.011561344958145913
GILD,-0.027528549199749064,0.4269146884714693,-15.50807074407542,0.5283642057014281,-0.0005376550284987346,-0.1581780880895177,-0.1278068205057566
GL,0.09443515173286525,0.5550545927824978,5.87762694925949,1.2979774618971174,-0.0006877478271979592,0.09807170761344562,0.04193844140660432
GPN,0.3500510518159482,0.5876748701880896,1.6788261801798001,1.3790950321268025,0.00024471698792072815,0.5275894334510409,0.22482210768158303
GS,0.2311840499354711,0.5711966601105763,2.4707442415253595,1.3031994603256185,-0.00015782347814241745,0.3347079268608824,0.1467035981488986
GWW,0.19832588821233454,0.49893354220120933,2.515725741598766,1.0553279401628257,-8.43926940365694e-05,0.3173286115698452,0.15002529752780597
HAL,-0.190445294149365,1.0448824996359187,-5.486523068490336,1.9586756409415187,-0.002338411864100577,-0.22054661096311012,-0.11765362744726428
HBI,0.08594140987282188,0.7462883095506353,8.683687068376122,1.0896675091764385,-0.0005513491275032143,0.061559868062900126,0.04216094311882714
HIG,0.07382306625517801,0.6713275702948626,9.093737287670235,1.225706163215741,-0.0007094304119075203,0.05038235840712178,0.027594759062351787
HAS,0.08077931769062223,0.6415553451781855,7.942074326937084,1.1283096000055524,-0.0006029706379051859,0.06356321087044516,0.03614195757123892
HCA,0.14878023476708668,0.6621235283812936,4.450346038355421,1.1908527654626553,-0.0003882561186037884,0.16428994002527572,0.09134650220577414
PEAK,0.05986230412232527,0.627039049978266,10.474689525764774,1.209856691950022,-0.0007510621743776304,0.03167634316078676,0.01641707175278059
HSIC,0.06828754811181542,0.4977833523609117,7.289518603682052,0.8711930015719125,-0.0004424575603838393,0.05682702721505616,0.0324698982438743
HSY,0.2052258471899557,0.4135473336399581,2.015084061303357,0.7443351073097207,0.00019572796022802018,0.39953309754332583,0.2219777699148679
HES,0.0700454142699349,0.8889779417994764,12.691450983123762,1.5453876246768208,-0.0009844276436263657,0.03379770504667047,0.01944199228088043
HPE,-0.06198843151268075,0.6174907003865286,-9.961386105731854,1.2178382773938117,-0.0012335391220725709,-0.1651659392584202,-0.08374546391408981
HLT,0.21732312310032095,0.5562665470393583,2.5596289023629293,0.9446034375300717,7.995195097108441e-05,0.31877365993712103,0.1877222928216115
HFC,-0.3325133406088181,0.8483764539006429,-2.551405764193704,1.3686717211015007,-0.0024130649404573656,-0.439089674042798,-0.2721714307862086
HOLX,0.3014103678524328,0.5142797189117716,1.7062442893920533,0.9339388726718311,0.0004170993760806625,0.5083038631303283,0.2799009394529053
HD,0.22920750718346533,0.47945979840361175,2.091815422170427,1.1023047472672425,-2.0034400323071288e-06,0.3946264271028401,0.17164718527479397
HON,0.24095072701448594,0.4837135630341481,2.0075206621188872,1.1121069854419297,3.588887519169221e-05,0.4154333108916768,0.1806937009164024
HRL,0.06777825826354412,0.34925105459402217,5.1528478828125,0.4398784658567689,-9.332986463747985e-05,0.079536648202349,0.06314984801413114
HST,-0.05982548344107885,0.7032068982038081,-11.754303647147042,1.2052050737254232,-0.0012148058852922009,-0.1419574860486462,-0.08282862860219063
HWM,0.1665232412652676,0.8252053766391698,4.955496724476057,1.5401378832060344,-0.0006032875127993818,0.153323336040976,0.08215059355717552
HPQ,0.10738512674740995,0.6397358962183687,5.957397598674424,1.1986962549580256,-0.0005563408521549215,0.10533272737349819,0.056215347690203275
HUM,0.21093106054217034,0.5794251342219378,2.746988199521693,1.086113208206759,-6.021488045418618e-05,0.2950011148061424,0.15737867770192043
HBAN,0.05659797325629321,0.693325964590499,12.250013996983665,1.2985072548859493,-0.0008359805903744202,0.023939638934619326,0.012782349265927704
HII,-0.07057746385538774,0.5074535166425707,-7.190021983254258,0.8901446418931639,-0.0010003268383518222,-0.2179065869658244,-0.12422415262783705
IEX,0.21299614249689125,0.4316287576596609,2.026462792235595,0.9258487297818944,7.831719248247901e-05,0.40079846263000535,0.18685141204184033
IDXX,0.4933818135244313,0.48181026703161134,0.9765464673086355,0.8798589663850973,0.001211012274492709,0.940996580080526,0.5152891893426416
INFO,0.31628602681567136,0.47189428773205155,1.4919858853172394,1.005167917617345,0.0004172225046899515,0.5854828803788161,0.2748655443267441
ITW,0.2651817659897614,0.480461702518738,1.8118202838172837,1.0915055239782465,0.00014731225414267482,0.46867786716253274,0.20630382626835814
ILMN,0.09061377741500205,0.5716604522508704,6.308758651929083,0.9227677116789778,-0.0003972307789621499,0.08853818243979285,0.054849965787067016
INCY,0.0778542290018911,0.5187926106208104,6.663640720251803,0.6925759400880618,-0.0002596822118540624,0.07296601421634173,0.05465715282728113
IR,0.4235169937338843,0.6080932575749083,1.435817845734431,1.0880888446806334,0.0007685906289593372,0.6306877916445909,0.3524684547670838
INTC,0.048516718599282416,0.5990023511640221,12.34630800387398,1.1926977248555035,-0.0007814123914032543,0.014218172237107496,0.007140718408190326
ICE,0.2345991492628041,0.4163044953945866,1.7745354009286343,0.8542132177891972,0.0002210197415713599,0.46744426595335425,0.2278109788167985
IBM,0.07435506533803118,0.4573807168991081,6.1513054264665765,1.0292486928634457,-0.00054742357637979,0.07511262296090511,0.033378779663496935
IP,0.11447605793319295,0.5727735223008853,5.003435064431988,1.1930954903909567,-0.0005240825282470252,0.13002706136627196,0.06242254583393693
IPG,0.09220526307371199,0.613489078806751,6.653514759957977,1.2651892371475428,-0.0006697666564413596,0.08509566816617553,0.041262809974112954
IFF,-0.11247064474679595,0.5160125373565093,-4.5879752758437835,0.8962697506924819,-0.0011689582992947488,-0.29547856633075387,-0.17011691472237356
INTU,0.3265211478745537,0.5264715790053079,1.6123659445408212,1.2097443296446302,0.00029066540400000235,0.5442290890913696,0.23684438178662187
ISRG,0.2621607834945357,0.5309647466553319,2.0253400969348223,1.1825176036888245,6.142199481304236e-05,0.4184096682387619,0.18787101587453114
IVZ,0.05023005933541506,0.8069200945457821,16.064486190579856,1.6396833633503956,-0.0011385940248350226,0.012677908760189682,0.006239045637757637
IPGP,0.31867883110196477,0.6773591081996434,2.1255227586262704,1.0904718227694699,0.000357126662415051,0.41141962620487504,0.2555580302792277
IQV,0.2090864556504629,0.5473212005839834,2.6176788873352907,1.2308113125339117,-0.000185213709119192,0.3089345990435785,0.1373780480635647
IRM,0.002079902468274975,0.502480490175266,241.58848688323937,0.9275996779093048,-0.000746999751826362,-0.07546581065963066,-0.04087980886021031
JKHY,0.1375195135738218,0.4328073855171746,3.1472434294558456,0.7759477765864838,-9.448460283731179e-05,0.2253185061925244,0.12567793415534415
J,0.30362591582536386,0.4757301759371772,1.5668299415218638,0.9679551691753387,0.0003980624595146872,0.5541500816214298,0.27235343559347197
JBHT,0.1979531771020999,0.4847728517766101,2.448926856711044,0.8999456636935631,4.064233085247142e-05,0.32582925492471027,0.175514126546071
SJM,0.12032143079167425,0.38746496112745044,3.2202489496514652,0.41033502542442085,0.0001359671182460504,0.2072998563739904,0.19574597783505218
JNJ,0.1343297772845975,0.34353012982835995,2.5573639499196115,0.6651180778957362,-1.672217779541418e-05,0.27458953114746604,0.1418241067556498
JCI,0.21906416538301088,0.46375493468758056,2.11698218134743,0.9476862589021093,8.424328725706895e-05,0.3861180808860647,0.18894878310302396
JPM,0.1432148373545488,0.5727536562331438,3.9992619955655173,1.2890410702914197,-0.0004899273964607665,0.18020808113800044,0.08007102312978633
JNPR,-0.06687608638652243,0.43326517367000916,-6.478626323404674,0.8199391101195711,-0.0009287166223744479,-0.24667592246387943,-0.1303463697090102
KSU,0.37692963752849956,0.5423329805464226,1.4388175578403992,1.1325067893745822,0.0005504497733231963,0.621259723480267,0.2975078301425162
K,0.070939319198639,0.3853876856670269,5.432638627217341,0.4709715183156231,-0.00010629366702669639,0.0802810270003552,0.06569254826552995
KEY,0.06567195490097606,0.8080677330110596,12.304609086626254,1.6473052645086208,-0.001084478826313972,0.03176955823408024,0.015584212261128067
KEYS,0.3621024281166232,0.5561853190451744,1.535988924288689,1.0461197714861006,0.000562855442339537,0.5791278861326101,0.3079020556690653
KMB,0.11391913574869832,0.3681971394375935,3.232092106543221,0.5681332018767039,-1.749946868096592e-05,0.20075966875138374,0.1301088116387541
KIM,0.019229922348054915,0.7769488994171205,40.403122038384524,1.2811043943821803,-0.0009677825182646487,-0.026732874797206263,-0.016212634772798176
KMI,-0.04275611462102638,0.5953173115629252,-13.923559632103782,1.132946261442293,-0.0010893054538632628,-0.13901177240043866,-0.07304504850536692
KLAC,0.548639400064317,0.6695042291474889,1.22029921487411,1.4699538162573307,0.0009464879690340418,0.759725447458325,0.34602406853799705
KHC,-0.08847619795484331,0.6031624100650008,-6.817227955170997,0.8830787512161223,-0.0010644916898329112,-0.21300431825815844,-0.14548668256133862
KR,0.09426765384281416,0.4272123908745037,4.531908597055524,0.2743527877317515,0.00014489263023957522,0.12702734050322903,0.19780245096643367
LB,0.19711968600437263,1.0565454573152957,5.359918528339472,1.517440673295583,-0.00046529319678048685,0.14871076764043553,0.10354255607445893
LHX,0.16940008327501835,0.47716382704401605,2.8167862601894247,0.8813885148804887,-5.5786507791588127e-05,0.2711858610000666,0.14681389771974082
LH,0.24396231167224972,0.5598964704349985,2.2950121541198927,1.1190670046692088,4.198698517269791e-05,0.36428576074749314,0.18226103604273458
LRCX,0.6479891710235737,0.7318209607586742,1.1293722078760646,1.5627418654085428,0.0012590377147691655,0.8307895012917846,0.3890528464626683
LW,0.04831421029169944,0.6320818989742825,13.082732702409016,1.0539641055877615,-0.0006692655639508869,0.013153691483953915,0.007888513705182468
LVS,0.0582309996387583,0.6509032460663013,11.177950749673597,1.1779464396785433,-0.0007314575088998356,0.028008770503045365,0.015476934285512561
LEG,0.11891937831563132,0.7221215948837904,6.0723626805983,1.4565052893700845,-0.0007211579207614244,0.10928821250433822,0.05418406571648133
LDOS,0.3472261021089853,0.49036607983637165,1.412238529471089,1.0146142070071544,0.0005303923012202422,0.6265239679944877,0.3028009069725346
LEN,0.29268971159142343,0.7299238318675003,2.4938486149674723,1.2330820379185907,0.00013951299638503573,0.34618641090936875,0.20492530409246482
LLY,0.20591493739392036,0.4653430666327897,2.259880087002027,0.7293325441826504,0.00021063274705638722,0.35654326730271607,0.22748873434663222
LNC,-0.011422790945971605,1.0034378907816632,-87.84524688649218,2.2494077023459726,-0.0018757793605769018,-0.05124661069547016,-0.022860591653679003
LIN,0.2748066301861808,0.433439408872112,1.5772523704339227,0.9895262112929367,0.00026792694251201476,0.5417288446318027,0.23729197620685286
LYV,0.16734759535088864,0.7758335712918588,4.636060468422733,1.3185777233436295,-0.0004197035003795557,0.16414292969926417,0.09657951374148997
LKQ,0.18470947038276472,0.7093494848555055,3.840352546004025,1.34647864058374,-0.00037459677423870585,0.2040030668553203,0.10747253318480322
LMT,0.15403340843778882,0.4453630750151991,2.8913407781602967,0.8798976436343332,-0.000114598918585953,0.2560459428162003,0.129598492805123
L,-0.01178650908587581,0.6182002514617502,-52.44981758021646,1.367803010486908,-0.001159518569844516,-0.08376979621639638,-0.03786108722442492
LOW,0.28252793756644706,0.5881679424082505,2.0818045375421352,1.2308173849785624,0.00010166213626395799,0.4123447064683901,0.19704623978046204
LUMN,-0.11520987323520193,0.3947966262772492,-3.42676035647803,,,-0.3931388033853271,
LYB,0.16547167016852282,0.7938657430084639,4.797593099773272,1.5544654952845485,-0.0006190587880894445,0.15805149834659774,0.08071692202183937
MTB,-0.053967695803001446,0.6732735679141527,-12.475492197625162,1.2641858383887639,-0.001239937947472321,-0.1395683720276139,-0.07433060310402274
MRO,-0.40930461810099467,1.092575123058907,-2.6693447245428277,1.6276772661162533,-0.002923877641701402,-0.41123453080559486,-0.2760403597532977
MPC,-0.16814823366395842,0.9057305436028339,-5.386500493445099,1.7309139619044056,-0.0020659016663782505,-0.22981253655859063,-0.12025336801544269
MKTX,0.49249659395665485,0.5590866514559437,1.1352091736600913,0.775802846872638,0.0012922625992936253,0.8093496648118629,0.5832623530330255
MAR,0.08285752736938311,0.6979558512085392,8.423566009845022,1.1225284155577815,-0.0005901463842747697,0.06140435286153636,0.0381794587784108
MMC,0.19508528671783418,0.3995077055982996,2.047861795831565,0.878289311501192,4.706926427002422e-05,0.3881909774070056,0.17657653883178753
MLM,0.233366553631006,0.5987229859152348,2.565590383881326,1.0540704646632526,5.350856925379977e-05,0.32296497408633346,0.1834474640106546
MAS,0.2826962441123178,0.4925616949372026,1.742370849262162,0.9789866652061602,0.00030732559907920606,0.49272252919151477,0.24790556678441533
MA,0.3160134898966976,0.5280916093494086,1.671104640254559,1.2638651928434788,0.00020556208477053614,0.5226621385572422,0.21838839415754052
MKC,0.17463457700523197,0.4367812977762132,2.5011157885596016,0.7010940545424731,0.00011143174261632558,0.30824254081092217,0.19203497181714532
MXIM,0.3092228864226993,0.5105889010102966,1.6512002294433519,1.12939790168986,0.0002885011065618582,0.5272791592022289,0.23837735666046034
MCD,0.1032499226744029,0.42799066514013184,4.145191144498908,0.9007380836718034,-0.0003299373363646958,0.14778341638291048,0.070220104846204
MCK,0.22230908915564193,0.5349843381664177,2.4064888223794894,0.9674748017166641,8.080965460404506e-05,0.34077462861899893,0.18843807490609268
MDT,0.19670054378433846,0.437898260596296,2.2262178445038034,0.9532329009937924,-7.629924483502329e-06,0.35784691990088235,0.16438851787529615
MRK,0.06572600556870782,0.36635362059594834,5.573952310443912,0.6978098080957538,-0.0003113187817709338,0.07022178606249138,0.03686678701021882
MET,0.08377209780435323,0.6376767546094317,7.612042330594409,1.4766700445629564,-0.0008748673618923493,0.06864308207559336,0.029642436348946366
MTD,0.39640016783632487,0.4715616720966136,1.1896101726458481,0.9282682805342447,0.0007927695002572212,0.755786971090614,0.383940909443988
MGM,0.07127693275853308,1.0025828893026094,14.066021789953957,1.8728071050370694,-0.0012461570363444794,0.03119635602427758,0.01670056284729548
MCHP,0.35114469074668536,0.6954231699689285,1.9804462043556983,1.535809319479935,0.00012141374684982841,0.4474177798254656,0.20259330816669813
MU,0.396942818070321,0.7223745026303567,1.819845251621062,1.430960284458746,0.00038566637844722365,0.4941243313137407,0.2494428545271143
MSFT,0.3991594773582637,0.47976623683555963,1.2019412391527604,1.1606828602359416,0.0006143479946344567,0.7486134908683997,0.30943808137672885
MAA,0.17461081769913833,0.49354839952290547,2.826562557958521,0.9808229892814915,-0.00011637798092568993,0.2727408655954745,0.13724272286658817
MHK,0.046902495660086974,0.8239223530836963,17.566706024661215,1.284076066959003,-0.0008621056567982697,0.008377604557338424,0.005375456982415163
TAP,-0.11126530985810443,0.5279454221834247,-4.744923847843577,0.8827590769053465,-0.0011532514232474797,-0.28651694569585673,-0.17135514526612317
MDLZ,0.1966030791436185,0.3724996257670589,1.8946784932851843,0.8214776992668956,9.92463598219075e-05,0.4204113730883305,0.19063582527361905
MNST,0.30589747642917453,0.4439873042457192,1.4514251945733756,0.9101165718920968,0.00045401999231408697,0.5988853147071451,0.2921576033676478
MCO,0.37055829886930347,0.5430361622973662,1.4654540566338683,1.2581827973582222,0.00042325357147525596,0.6087224421129619,0.26272676717832194
MS,0.2814350074520661,0.615215789960906,2.1859959623739744,1.4536136131715436,-8.397723848742799e-05,0.39243954949109505,0.16609297358277694
MOS,-0.12086523543160353,0.8819708353246117,-7.29714240968579,1.3856155091824034,-0.0016001078368069982,-0.1823929193445457,-0.1160965898299765
MSI,0.203282899248964,0.5013708195266647,2.466369878523955,0.9582514290552698,1.39970046540615e-05,0.3256729208993784,0.1703967187504671
MSCI,0.5655856720812327,0.57931585378801,1.0242760423124815,1.184146698910153,0.001245349280073024,0.9072523540389092,0.4438518239040511
NDAQ,0.2749270292180971,0.4592766680644428,1.6705402497915285,0.9959956832316068,0.00026313069493065033,0.511515270758613,0.23587153355509838
NOV,-0.3457514957362424,0.9769693897053214,-2.8256403855172487,1.7106280747455083,-0.0027431504231895756,-0.394845017460163,-0.225502843915169
NTAP,0.07999326878540314,0.6369578222984886,7.962642756945547,1.1435401462995345,-0.0006184397622705645,0.06278793883256786,0.03497320921772645
NFLX,0.25786762892439585,0.5685316174587852,2.2047420989994557,0.7540423640448092,0.00039345760374184704,0.38321110424468136,0.28893287607305973
NWL,0.11185075911928423,0.7143719584261332,6.3868315606538255,1.1593981368906137,-0.0005069058405308583,0.10057891868765685,0.06197246384402563
NEM,0.34557706848458297,0.5199801287654594,1.5046719709894667,0.3581627070825144,0.0010583434953977786,0.5876706658196464,0.8531794696709822
NWSA,0.22801763017249085,0.5381269406460174,2.360023390467373,1.0213224105600291,5.927330889742152e-05,0.34939271010437994,0.18409233776569514
NWS,0.21277882301884107,0.5459243485223387,2.565689295470905,1.0468706477837202,-2.1051150518589684e-05,0.31648858213872305,0.16504314394965877
NEE,0.30861696437402375,0.4415731344238084,1.4308129020692797,0.850879643629037,0.0005128655704916707,0.6083181775189552,0.3156932550746675
NLSN,-0.07560097579211701,0.6427528030297988,-8.50191146734933,1.1432004965837808,-0.0012259532839602849,-0.17985293140255293,-0.1011204737380422
NKE,0.32399504291822334,0.4627626235399939,1.4283015547765514,0.9928416919384492,0.0004573701703612505,0.6136948588149737,0.28604262414055587
NI,-0.03430999325939544,0.4815559528474083,-14.03544294534477,0.93348196292692,-0.000893936331296095,-0.15431227216693177,-0.07960517311592981
NSC,0.2400088046966444,0.5324079167928258,2.218284939445263,1.2017383658489968,-4.0756079409177775e-05,0.3756683520062553,0.1664329028518145
NTRS,0.074486808069973,0.5718936940669357,7.677784951258725,1.2353976097999997,-0.0007147271163744982,0.06030282975272077,0.02791555349986157
NOC,0.10090489442291849,0.4526578306097724,4.485984879113658,0.7880518037121905,-0.00024736389684471634,0.13454952130370507,0.07728539435608214
NLOK,0.3365476531598145,0.5131697183851006,1.5248055173375836,0.5983791784695883,0.000827521053722063,0.5778744195838826,0.49558484624793153
NCLH,-0.3115024506250538,1.3609026560404023,-4.368834509358259,2.082192126648416,-0.002911841555090034,-0.25828625512993225,-0.16881364890705206
NRG,-0.022220997819524874,0.5257517300406541,-23.660131480625637,1.0260581241129563,-0.0009220764998279776,-0.11834672957655051,-0.06064081201375988
NUE,0.025835989125886392,0.5574665672739694,21.57713275685719,1.1821543993126684,-0.0008614260620259902,-0.025407821214061512,-0.011981523633756206
NVDA,0.6641876004020416,0.7029400244808153,1.0583456000312506,1.464655670809896,0.001402161149605449,0.8879670792156992,0.42616678639348105
NVR,0.2507874769375432,0.6572649646336868,2.6208045659208645,1.1137098773787977,7.300882491537673e-05,0.32070396001561,0.1892660568241056
ORLY,0.14788726059376892,0.4736894115768299,3.203044059880222,0.9357089497245914,-0.00018404121549166674,0.2277594937886218,0.1153000199747192
OXY,-0.6166066768488231,1.2288155328010641,-1.9928677047107937,1.9282509233728857,-0.003978337135160896,-0.5343411271438759,-0.3405193115117458
ODFL,0.42859261723356895,0.4846548215633256,1.1308053430589184,0.9081836016001911,0.0009348714452472302,0.8017925334573298,0.4278789184795684
OMC,-0.05857634241354098,0.521222543928186,-8.898174970509869,1.0045177462209607,-0.001046554344778424,-0.1891252470981432,-0.09813300241273931
OKE,-0.13714267354987605,1.0094019305497282,-7.3602322633926835,1.7054792464877437,-0.001924080742088166,-0.1754927033410792,-0.10386680102656358
ORCL,0.16810463949611856,0.4437565039049122,2.6397635736588834,0.9459187482504723,-0.00011337849610705856,0.28868228041468597,0.13542879843861325
OTIS,0.48790820246577504,0.3605307013760846,0.7389314210215077,,,1.2423580037877089,
PCAR,0.22096331848236797,0.41921217976439445,1.8972025883918193,0.8965231265434405,0.00013331185572001633,0.4316747633240831,0.20185013986206357
PKG,0.2588634980061432,0.5054686175210693,1.9526453957949443,0.943743096548403,0.00024291941201667563,0.4329912687349386,0.23191003866052445
PH,0.3051543284357342,0.6584013068797848,2.157601074364065,1.5039856139280305,-3.2329611773574936e-05,0.4027244868214513,0.1763011068591395
PAYX,0.193601648719763,0.5137268250994865,2.6535250525841465,1.200887190549871,-0.00022134112231514142,0.2989947988213717,0.1279068091728339
PAYC,0.6309858968081619,0.7433614374053935,1.178095170059557,1.4671064776933058,0.0012704718842815512,0.7950182334866889,0.4028241343037037
PYPL,0.5004184356292011,0.576828559754764,1.152692464316365,1.178489817432578,0.000995394819333776,0.7981893889320353,0.39068511990392474
PNR,0.16693967366071505,0.5551991248780215,3.3257470360604477,1.1746645028056206,-0.00030414254835296533,0.22863810112921915,0.10806462045760871
PBCT,-0.030499168232292297,0.6673629668364963,-21.88134973890525,1.222010335741416,-0.0011139305047927566,-0.10563841827555974,-0.05769113907659313
PEP,0.170046855319115,0.39246761323411605,2.307996890019516,0.8649244283206063,-3.985725444910666e-05,0.33135690929365685,0.15035632138593016
PKI,0.3294519417872307,0.44391312386136805,1.347429070999556,0.814225738941979,0.0006240907804929126,0.6520463717527423,0.3554934804239304
PRGO,0.02428963324078913,0.5586321396646822,22.998788583047915,0.889387453119952,-0.0006291358411235496,-0.02812291961690745,-0.017664254992691027
PFE,-0.016154943690722328,0.4037165209994792,-24.99027720111032,0.7001793008548269,-0.0006330951556739247,-0.13909498563918013,-0.08020080516828264
PM,0.15857733179921163,0.4613688202369651,2.9094247897999934,0.8864659615026994,-0.00010219624104732417,0.25701201858051165,0.13376411159454377
PSX,-0.09259194258153812,0.7259892757372692,-7.840739220887931,1.368814033223885,-0.0014759878304150187,-0.18263622757634546,-0.09686629400580613
PNW,0.0016954043679154082,0.4717508086165886,278.2526797407228,0.9315221085190909,-0.0007516948022903348,-0.08119667191332007,-0.04112043641452613
PXD,-0.09831809100375014,0.897786606175826,-9.131448719255358,1.5978751608201005,-0.0016848257355946215,-0.15406566555155468,-0.08656376567788886
PNC,0.14366384149071595,0.609414585398447,4.241948280617495,1.346182132982196,-0.0005346898862964044,0.17010397186824555,0.07700580697878491
POOL,0.4518271350015761,0.5361737221283278,1.1866788879921022,0.8693858045566106,0.0010572151227272951,0.7680852641693049,0.4736989410720931
PPG,0.193275623406669,0.48078226503173394,2.4875473510703703,0.9935791223060505,-5.385287671952777e-05,0.31880465348810666,0.15426614747190287
PPL,0.031146374541690162,0.4980814597531222,15.991635208984864,0.9962327844346446,-0.0006893305026631209,-0.01777545677507893,-0.008887105098969627
PFG,0.07538317081001807,0.6985773474215392,9.267019945102941,1.5280539437184757,-0.0009494663276645304,0.050650326611101755,0.023155707922139272
PG,0.23202681529251268,0.3628553365786828,1.5638508683629373,0.6941711533988209,0.0003412558495641232,0.5292103930539076,0.27662747775142404
PGR,0.2846574687385148,0.42745215261940844,1.5016368778718547,0.7596065350245038,0.0004935758310297206,0.5723622333851036,0.32208447065377405
PLD,0.2756777992591829,0.4997021712314469,1.8126311678861158,1.0809028902827171,0.0001969435935436219,0.4716365323736488,0.21803790273660925
PRU,-0.00043354579640027924,0.7231533235121363,-1667.9975437807534,1.6431348909015617,-0.0013393084924884636,-0.055912825789179554,-0.02460756327450088
PEG,0.0750082491052903,0.42848297803161467,5.712478069314031,0.834893194300469,-0.0003866545001730796,0.08170277677333379,0.041931410322038405
PSA,0.09672193989059119,0.40412788322725474,4.1782441882823225,0.657257538695951,-0.000157228820236736,0.14035641252374198,0.08630093464295872
PHM,0.2188893097890509,0.7091904268131585,3.2399500345477033,1.2527778322095782,-0.00016480343617457827,0.2522443944892401,0.14279412134355549
PVH,-0.009377259578218545,0.9765597198187144,-104.14126981053855,1.762851642382917,-0.0014717018257549772,-0.05056245775464177,-0.028009878081103487
QRVO,0.5164807008740562,0.6707024775912015,1.29860123806398,1.3588014965192803,0.0009113530165298341,0.7104203678884797,0.35066247873189277
PWR,0.40232961411353835,0.5447124802653545,1.35389606222632,1.0678870537897436,0.0007022729533343291,0.6651758996544948,0.3392958204968346
QCOM,0.524739095902165,0.6512355421660777,1.241065411843255,1.2048505349242602,0.0010689381196087948,0.7443375929542666,0.402323011735756
DGX,0.22087376365085118,0.4559589451058903,2.064341810314116,0.7562458627638347,0.00024715653122812605,0.39668870540273243,0.23917322732823412
RL,-0.009021057988065363,0.7026910274374817,-77.89452505095572,1.1575059554575697,-0.000977521021632228,-0.06976189544760732,-0.042350588139036416
RJF,0.1355992687269483,0.6143777367813646,4.530833702492279,1.3339859319473357,-0.0005562636503571218,0.15560340650977836,0.07166437549112208
RTX,0.034123869580453686,0.6113930914480993,17.91687457973137,1.2533701595140776,-0.0008870256286005069,-0.0096110513869703,-0.004688264177140173
O,0.02239152293057853,0.6313253295678118,28.194836569407933,1.1575449150172075,-0.0008548473429461311,-0.027891288761494416,-0.015211916912234641
REG,-0.08987602650533644,0.705586612419128,-7.850665409392942,1.1947575530533683,-0.0013236858814335115,-0.18406815580025251,-0.10870492190940353
REGN,0.10032081987637119,0.5147246387406833,5.130785806724828,0.6070440632397427,-0.00010229377396004058,0.11719046522418491,0.099368107735778
RF,0.09594749058413149,0.7555528437441001,7.874649343555204,1.5391935201490698,-0.0008782052680838007,0.07404841507430084,0.036348574660522874
RSG,0.14486607346557578,0.37540870114782315,2.5914190408220783,0.8305113048313612,-0.00011020524065078971,0.2793384200870802,0.12626688264871877
RMD,0.34024317989652736,0.5824417124038976,1.7118394925095228,0.9668349613368501,0.0005420105667978156,0.5154905177675908,0.3105423282184364
RHI,0.06885993895386958,0.5680686339830208,8.249624420427956,1.0357605697338799,-0.0005741899903942707,0.05080361285135166,0.027863523479451067
ROK,0.270305691691811,0.5637970728314824,2.0857758092430236,1.1677688194493197,0.00010524447873152241,0.40849039980852975,0.1972185657435308
ROL,0.24070768775735005,0.4524541585509115,1.8796830411458088,0.7118348779401675,0.00036078612695665687,0.4435978407186323,0.2819582096597131
ROP,0.23230601670550644,0.4506200503577955,1.9397691749372339,1.0039634250803426,9.015612273809419e-05,0.42675867741085666,0.19154683517491392
ROST,0.14688412789761401,0.6138888612160434,4.179409102962822,1.1826465526963728,-0.0003889824136997606,0.1741098994464386,0.09037706798698542
RCL,-0.16828413688860897,1.1772272966091926,-6.9954739547936455,1.90851526877777,-0.0022110111516322954,-0.17692771607363914,-0.1091341213224854
SPGI,0.3417138673758605,0.505361630428129,1.478902902913998,1.124315752604541,0.0004195561893136937,0.5970256727252058,0.26835332216676966
CRM,0.22318940369298565,0.5761515837012168,2.581446852619213,1.0962430996604913,-2.0577095100858533e-05,0.31795348459544426,0.1671065512291204
SBAC,0.2676467447568069,0.4712798021633186,1.7608277006751558,0.8084618259475906,0.00038735641661825145,0.4830394676619677,0.2815800789233112
SLB,-0.2627178532595194,0.8568821922854463,-3.2616062504096215,1.581718939070321,-0.0023138601281436117,-0.3532782639024402,-0.19138536296305989
STX,0.27087669361111955,0.5297169980758081,1.9555650617778475,1.0151716733250618,0.00023169861169595215,0.435849131611364,0.22742625673834377
SEE,0.13682455976338737,0.5957491430886925,4.354109701642233,0.8643656789969942,-0.00016917698943697945,0.1625257222551683,0.11201805221574983
SRE,0.09109114412931332,0.49984194813373867,5.487272697158806,0.98884566816243,-0.00044915767006612785,0.10221459867478605,0.05166746012474919
NOW,0.5291018230103848,0.6056521361689029,1.1446797380568006,1.1053497047218075,0.001166979944641676,0.8075622850176577,0.4424860484614515
SHW,0.3165822991775519,0.48073402806234317,1.5185120245548804,0.979278598381004,0.0004394553497464172,0.5753333091321836,0.28243474291668647
SPG,-0.30314700767729663,0.9442008021218553,-3.114663111327715,1.541973511140456,-0.0024394312391072858,-0.3634258802853794,-0.2225375502225731
SWKS,0.45093043987127157,0.6545403235631786,1.4515327990499647,1.4137167774690602,0.0006105928233128787,0.6278153156924748,0.2906738085169715
SLG,-0.11538246280039109,0.8134089559983276,-7.049675802166797,1.4678155596265143,-0.0016456067576478693,-0.191026250269994,-0.10585966457524687
SNA,0.07304817759659818,0.5412814793888745,7.409924479951457,1.1091889917010505,-0.0006176050283805035,0.06105543761429028,0.02979490226089924
SO,0.19012058128974388,0.47868141940009323,2.517778013052582,0.9218295486972714,-7.76860276316025e-06,0.31361271861749357,0.16285069349522818
LUV,-0.022201269969713514,0.665541471911524,-29.977630685967114,1.1260912763206568,-0.0010034327037115307,-0.09345964540881752,-0.05523643711453598
SWK,0.17150646683934415,0.7040009908111615,4.104807263452187,1.5568162875947844,-0.0005973990561130567,0.1867986956777152,0.08447140994556017
SBUX,0.26649271593787666,0.493368307631386,1.8513388101249166,1.1146299482788062,0.0001336084192874406,0.45907431108667374,0.20319991965730247
STT,0.08733957507217988,0.6470212818963076,7.408111172530792,1.358265142499557,-0.0007645428802903588,0.07316540645067464,0.034852970595316085
STE,0.3123569358078084,0.4302112432126643,1.3773065166619867,0.8874308065420635,0.0004977198926779926,0.6330772152162827,0.30690498211242667
SYK,0.22591178104144818,0.5366627774577206,2.375541350626857,1.1489890265968008,-5.2881304403182305e-05,0.3464219782898856,0.16180466195756601
SIVB,0.32438453624016317,0.7282354742465401,2.2449759248307064,1.5249045116175828,2.5759091492735895e-05,0.3905117867739115,0.1864933404508685
SYF,0.1828405071580258,0.793357171084471,4.33906678238858,1.6687633116421758,-0.0006442573665238539,0.18004564950584806,0.0855966248547621
SNPS,0.5551087924891752,0.4916858506533647,0.8857468253179447,1.0734098938168488,0.001294570680368221,1.0476380229463294,0.4798807943324826
SYY,0.10454047009457762,0.71870530553178,6.874900264764147,1.3279153989549777,-0.0006726452875619917,0.08980102080479735,0.048602847851127166
TMUS,0.33662299993565586,0.45414390544291106,1.349117278170888,0.8552997103355666,0.0006186659351214117,0.6531475956863708,0.3468059165123292
TROW,0.2716593762886614,0.5301079977619246,1.951370149648873,1.225655265479095,6.340910811367031e-05,0.4370041147590859,0.18900859223095515
TTWO,0.3361654240180989,0.5383544509724887,1.6014569390798028,0.6771980257506286,0.0007618644813462338,0.5501309100038141,0.43733946756536896
TPR,0.003982620522700398,0.9499768628306405,238.5305999946269,1.732777982818385,-0.0013950329472554475,-0.03791395441987801,-0.0207859170848402
TGT,0.5034146610194168,0.4883428466065205,0.9700608353710323,0.6850596197285581,0.0014087819823479899,0.9489535154239918,0.676458876970498
TEL,0.2565547338853025,0.5310431111601326,2.0699018221879517,1.1669016571401032,5.223572435842782e-05,0.40779124958840074,0.18558096353727432
FTI,-0.3807343325639756,0.9865787068075383,-2.5912522786259666,1.7182353024501573,-0.002885994890467448,-0.4264579497417152,-0.24486421153378687
TDY,0.2819457160198735,0.5647065150068732,2.0028909216236106,1.1039219394847617,0.0002026886922454577,0.428445058787623,0.2191692250747348
TFX,0.24742979607767837,0.5079693830143313,2.052983880950453,0.9889565454369176,0.00016144992804506704,0.40835098140516507,0.20974611779937874
TER,0.6907499247865069,0.6388706438287417,0.9248942647749115,1.2921296442922652,0.0016463672456885562,1.0185941881545422,0.5036258765992018
TXN,0.304451282373369,0.5011152560665239,1.6459620473924386,1.138054712368282,0.00026281484089305657,0.5277254666903669,0.23237132582408818
TXT,0.0013890063166804886,0.7325097928282276,527.362463389521,1.4858036488733128,-0.0012041116403158083,-0.052710549485273206,-0.025986605775667793
TMO,0.3807599218267444,0.4315152316705551,1.133300032210075,0.7815264915104839,0.0008511318177309295,0.789682256423572,0.43601838904800994
TIF,0.23837008258230133,0.45477983262792787,1.9078729499156313,0.377781446118246,0.0006235953215130623,0.43618926863143287,0.5250921786143284
TJX,0.19382293975057346,0.5573790410675751,2.87571245067717,1.1455553041159583,-0.0001754330750333888,0.2759754644809552,0.13427805641324392
TSCO,0.2755210950063748,0.45904238438327705,1.6660879791170113,0.7119180878337682,0.0004967082609460037,0.5130704767552067,0.3308261147332565
TT,0.3757458994673945,0.486291118779056,1.294202064396059,0.9681139030069655,0.0006796519263124031,0.6904216147528267,0.3468041295807926
TDG,0.3344796476011685,0.752514274480767,2.249805869737284,1.362641526658172,0.00019728537657943252,0.391327656614034,0.21610940356659245
TRV,0.09523185437340703,0.524781914012352,5.510571199786428,1.057663360600747,-0.0004890049425698058,0.1052472520463177,0.05222063695393177
TFC,0.056689035329343926,0.6984357636768298,12.320473608682114,1.4567799507930272,-0.0009644687896926313,0.02389487508698944,0.011456112723310694
TWTR,0.2824443638593299,0.7563463672277266,2.6778596566523145,1.2272953162580724,0.00010420286151809608,0.3205467420276944,0.1975436234846262
TYL,0.4380103574660009,0.4080858728910571,0.9316808745161542,0.6929102185645035,0.0011469055412936474,0.9753103057607047,0.574403936906221
TSN,0.08925384669899566,0.5491627528445346,6.152818877337128,0.7944666368259579,-0.0002980978788824819,0.08968897916669012,0.06199611716330084
UDR,0.011025400621543769,0.5358338763230023,48.59994613492559,1.0056186759411117,-0.0007755687619541975,-0.05407384762099337,-0.028812710097433556
ULTA,0.021139650651285168,0.7955274817655561,37.63200702265119,1.2947509203728247,-0.000971431770940684,-0.023707979650001612,-0.014566778097584962
USB,0.032286256545726054,0.6063921949565341,18.781743683964073,1.2914497858894987,-0.0009252030109568627,-0.012720716919562041,-0.005972933317698474
UAA,-0.03739304963084386,0.819180153233078,-21.90728387548719,1.3436988494879503,-0.0012399218185796493,-0.09447622641417136,-0.05759702009147095
UA,-0.06508156090725664,0.7908769136742188,-12.152088896596139,1.253839512090733,-0.0012749289239056267,-0.1328671492243637,-0.08380782380357185
UNP,0.21646285378729305,0.48604689121490496,2.2454055405391555,1.063368537537775,-2.0090723296712948e-05,0.36305726253327736,0.16594703299750804
UAL,-0.3532936736775089,1.0706033195582587,-3.030349534465538,1.62965983955859,-0.002706698829291589,-0.3673570467162251,-0.24133482591314057
UNH,0.20838233472949846,0.5439537485251789,2.6103640178102734,1.1144400930415799,-9.323070322591741e-05,0.30955266911209506,0.15109141871407536
UPS,0.2993106820465257,0.4732974364919914,1.5812914970352467,0.8264206009825542,0.0004964241013584405,0.5478810195307565,0.3137756751685814
URI,0.35661811443839636,0.7724441324825021,2.166026068807386,1.5777806932358904,0.00010862697502153195,0.4098912803193163,0.20067308200421713
UHS,0.07143584294340363,0.6987800408775479,9.781924760531899,1.3271854710350104,-0.0008013660302208612,0.04498674991335701,0.023686096351618644
UNM,-0.130657926272671,0.8549649026616205,-6.543536447053261,1.8223613710675786,-0.0019938990850922973,-0.19960810758592543,-0.09364658897082302
VLO,-0.11213469882344006,0.8386586023322069,-7.479028446428556,1.5621145429736987,-0.0017096854719766046,-0.18140241857696573,-0.09739023268667024
VAR,0.18464712469958744,0.5161560676940952,2.7953647723129067,1.0011419251041955,-9.371454605079492e-05,0.28023912485576735,0.1444821369203303
VTR,-0.05253227277033497,0.8969621473022983,-17.07449725664285,1.5324210113578456,-0.001452691096365314,-0.10316184807645992,-0.0603830618899855
VRSN,0.17547024197714112,0.44532876583488284,2.5379161777921113,0.9939888633202076,-0.0001237387028369426,0.30420276517095735,0.13628949677024718
VRSK,0.31852858420535085,0.4142981735942225,1.3006624652785646,0.9363351829301743,0.0004820166617229469,0.6722901570841852,0.29746675045758875
VZ,0.06177088493877805,0.2915110863220283,4.719231181663479,0.5175913470642529,-0.000180059330663932,0.07468287128787977,0.042061918272515965
VRTX,0.13563234245348954,0.5401713243138897,3.982614430618736,0.8543408309341578,-0.0001656732326388437,0.17704076123433435,0.11193699164409913
VFC,0.13402447253828836,0.6292635180401455,4.695138925917998,1.2590376203750497,-0.000501402567230207,0.14941986916884928,0.07467963706301307
VIAC,-0.06603213416400047,0.7167771797631931,-10.854975215293997,,,-0.14792900382100765,
VTRS,-0.24115940588251117,0.6756714647864589,-2.8017628518940487,0.885283490648557,-0.001662705267107907,-0.4161185140049825,-0.3175925100292272
V,0.24622416675074482,0.45974537273264426,1.8671821649336684,1.133195072797726,3.932122218197002e-05,0.4485617017197699,0.1819847012232426
VNT,0.7092795255711359,0.15175294121330296,0.2139536469646524,,,4.410323254495614,
VNO,-0.20549940414164738,0.727152485143614,-3.538465175511651,1.305162203605075,-0.001865216016878101,-0.3376174999844232,-0.1880987692284815
VMC,0.18754426765355112,0.5735144482026309,3.0580217426963916,0.8954708537926132,3.625304498898257e-06,0.2572633838884938,0.16476724734105266
WRB,0.16754624747706157,0.5164643268771414,3.082518019079177,1.119398024478838,-0.00025678273649561774,0.2469604207676531,0.11394181934209122
WAB,0.021784750478792313,0.6507454946097017,29.871606527842,1.1757612213382262,-0.0008720467647678919,-0.027991357100570734,-0.015492303361115687
WMT,0.2421355713006769,0.3431793075533846,1.4173023224548638,0.5141367777350134,0.0005273024617428311,0.5890086227568744,0.3931552459467464
WBA,-0.2297474946892148,0.5583660319195161,-2.430346553614575,0.843280386990664,-0.001583934325752925,-0.48310154857001886,-0.31987877205568305
DIS,0.2481328039233449,0.5340899528559806,2.1524358908263324,1.0482674057322106,0.00011591328873362711,0.3896961603759446,0.1985493422624974
WM,0.1374313568123974,0.37741717792958884,2.7462231814009335,0.7830518024756665,-0.00010061208823827761,0.2581529472158107,0.12442517404897371
WAT,0.14771988794408977,0.4816440985971033,3.26052304331154,0.8752634973590965,-0.00013548862202312606,0.22365038470905832,0.12307138166861684
WEC,0.17375869651471654,0.4571116115702208,2.630726523270768,0.7182632729160265,9.403351284179701e-05,0.29261714891740115,0.18622516500346595
WFC,-0.2007941305215812,0.6457783783819864,-3.2161217895389553,1.368278135268164,-0.001898216372477154,-0.3728742531220956,-0.1759833211647344
WELL,-0.012506073491334074,0.7775958449519337,-62.17745685652327,1.3522332702362987,-0.001149654622299296,-0.06752360346598776,-0.03882915370227416
WST,0.5467415419474353,0.44594641620739384,0.815643923121298,0.7238640848233728,0.0015464383403119655,1.1363283200189858,0.7000506760479535
WDC,0.1824444063389965,0.8500126367281524,4.659022733471806,1.5864409336198415,-0.0005787890515884678,0.16757916316078544,0.08978866046652981
WU,0.164094850966878,0.47074712531419904,2.8687501316492727,0.8639160251933257,-6.228636799870686e-05,0.2636125518218538,0.1436422607615228
WRK,0.07149610288729144,0.737279689769149,10.312166118080848,1.4448806403448722,-0.000896941896322479,0.042719341552936635,0.021798411583515837
WY,0.20646945201430003,0.73335326686149,3.5518729754302742,1.6575528030763367,-0.0005428307429310496,0.226997627932762,0.10043085909863075
WHR,0.24922005339969056,0.6849576506122788,2.74840503911524,1.3451678900849522,-0.00012153527613628656,0.30544961898399153,0.15553452839740142
WMB,-0.021108869771156016,0.6800533999118822,-32.21647616781139,1.1980465644512062,-0.0010577416371966273,-0.08985892840043766,-0.051007090696135335
WLTW,0.16487584330036129,0.45050158872470386,2.7323686703091252,0.9018471334224812,-9.011392004072856e-05,0.27719290325671064,0.1384667519277479
WYNN,0.00856764381332015,0.9468804468921919,110.51818534053353,1.683956611036311,-0.0013373790384787082,-0.033195696763879436,-0.018665775579179738
XEL,0.18362940987897552,0.4181740063391074,2.2772714164616277,0.7916418129707075,7.285624874480486e-05,0.3434680484719152,0.1814323189170531
XRX,0.0798132229934242,0.734827922219763,9.206844363123958,1.4149607003905886,-0.0008400964364655636,0.05418033500027692,0.02813733482663799
XLNX,0.2502852540069206,0.6341946726818721,2.5338874844953354,1.0627154966711434,0.00011255964382336596,0.3315783986605717,0.1978754000159209
XYL,0.223829483918229,0.5120214782664112,2.2875515294198983,1.1088069285706648,-2.830452718826802e-05,0.3590268996930246,0.16579034562419173
YUM,0.09309484689413677,0.4587160638926197,4.927405535284362,0.8633101167697652,-0.000339136886413243,0.11574664825029037,0.061501476541015156
ZBRA,0.453835867489154,0.6207458913745086,1.3677761848326004,1.2259813371116588,0.0007747705840865046,0.666675161671716,0.3375547856740849
ZBH,0.2056831324726949,0.5417967794166317,2.634133255864124,0.9814538505913247,4.4846879479831054e-06,0.3058030958602056,0.16881398180145812
ZION,0.034617187508393404,0.6414419409711725,18.52957987461131,1.08774467810358,-0.0007502690659091104,-0.008391737658215445,-0.004948599243888022
ZTS,0.3384125028910417,0.4405720019087654,1.301878618978259,0.938977598187104,0.0005575371271837492,0.677329702291971,0.31780577456500614
Selec,,,,,,,
